{
    "Xe Bus 001" : [
        [10.848935, 106.814664],
        [10.850102, 106.812867],
        [10.848774, 106.807427],
        [10.847007, 106.800150],
        [10.845571, 106.794437],
        [10.844630, 106.790518],
        [10.844912, 106.788239],
        [10.844225, 106.784113],
        [10.844351, 106.781678],
        [10.845055, 106.780514],
        [10.846710, 106.777620],
        [10.848382, 106.775050],
        [10.849880, 106.772419],
        [10.849793, 106.768809],
        [10.850502, 106.766845],
        [10.850795, 106.764112],
        [10.850608, 106.760164],
        [10.852073, 106.754818],
        [10.856352, 106.756621],
        [10.858534, 106.758957]
    ],
    "Xe Bus 002" : [
        [10.827368, 106.623913],
        [10.822044, 106.629929],
        [10.819739, 106.630667],
        [10.814475, 106.632273],
        [10.804787, 106.635398],
        [10.801265, 106.637603],
        [10.799131, 106.641573],
        [10.797705, 106.644255],
        [10.796633, 106.646250],
        [10.794997, 106.649292],
        [10.793835, 106.651419],
        [10.792080, 106.652833],
        [10.788742, 106.652862],
        [10.786141, 106.653629],
        [10.782674, 106.654606],
        [10.779288, 106.655590],
        [10.775404, 106.656639],
        [10.771304, 106.657827],
        [10.769605, 106.658264],
        [10.765766, 106.659334]
    ],
    "Xe Bus 003" : [
        [10.850655, 106.764463],
        [10.849657, 106.769112],
        [10.849583, 106.771764],
        [10.846245, 106.778159],
        [10.844712, 106.780720],
        [10.843998, 106.782279],
        [10.844141, 106.784247],
        [10.844799, 106.787909],
        [10.844467, 106.790897],
        [10.845213, 106.793944],
        [10.845842, 106.796368],
        [10.846727, 106.800027],
        [10.848593, 106.807626],
        [10.849868, 106.812832],
        [10.849199, 106.814355],
        [10.846430, 106.816504],
        [10.844407, 106.817982],
        [10.842563, 106.819934],
        [10.841148, 106.824373],
        [10.842167, 106.828026]
    ]
}