{
    "Xe Bus 001" : [
        [10.852903269335492, 106.7520830964069],
        [10.851131169416995, 106.7564677105411],
        [10.85039881009264, 106.76093976313146],
        [10.850693281558735, 106.76415498279222],
        [10.849640701379416, 106.76911815917332],
        [10.849579881101814, 106.77179808919985],
        [10.848152448542272, 106.77498684452569],
        [10.844855647541188, 106.78058421249735],
        [10.844084361659096, 106.78201385845487],
        [10.844141060801505, 106.78436696393796],
        [10.844697956180216, 106.78808760073268],
        [10.844417630387387, 106.79087927084407],
        [10.84520745887163, 106.79393954286436],
        [10.846747407848289, 106.79998417948812],
        [10.848644769094781, 106.80783390948912],
        [10.84983306389891, 106.81282452332742]
    ],
    "Xe Bus 002" : [
        [10.78892871780178, 106.65304211957928],
        [10.791773242914728, 106.65293420436315],
        [10.792391614383911, 106.65413026470587],
        [10.791552395660805, 106.65578946119375],
        [10.789666353459042, 106.65943159983014],
        [10.789268125929606, 106.66007162769958],
        [10.78808437286716, 106.66234684023264],
        [10.78623806213056, 106.66572818375045],
        [10.78483344493378, 106.66840807834615],
        [10.782527738337917, 106.67267072948641],
        [10.781251199686738, 106.67513929011176],
        [10.78055329737731, 106.67643427273809],
        [10.778247557983034, 106.68068793094743],
        [10.776692195125708, 106.68053293958829],
        [10.774730967467592, 106.67896816891654],
        [10.773357217062166, 106.67672892813167],
        [10.772663713675149, 106.67568574768372],
        [10.771886281220949, 106.67444022620347],
        [10.770649452732496, 106.67231339710104],
        [10.769518633652705, 106.67020905033361]

    ],
    "Xe Bus 003" : [
        [10.75751538899535, 106.64847767314275],
        [10.758606306680788, 106.65053760967231],
        [10.759449525384227, 106.65204501113638],
        [10.761731474169235, 106.6562453504577],
        [10.762611574524964, 106.65786004028186],
        [10.766200460104033, 106.66449582538637],
        [10.765026504838255, 106.66763002715315],
        [10.763424583577494, 106.66799127967903],
        [10.761184808259406, 106.6684848061384],
        [10.758439084475981, 106.66912317188348],
        [10.755735497112553, 106.66943430812913],
        [10.754033225973192, 106.66938602836703],
        [10.753079317511917, 106.66858673008045],
        [10.752467971286645, 106.66611373336535],
        [10.752299323834308, 106.6637641182702],
        [10.752098164656152, 106.66051888747623],
        [10.752561011790107, 106.65893215982614]
    ]
}